INSERT INTO clasificacion (id, grupo) VALUES (1, 'Lácteos'), (2, 'Granos'); INSERT INTO proveedores (id, ruc, telefono, pais, correo, moneda) VALUES (1, '1234567890', '0987654321', 'Ecuador', 'proveedor1@correo.com', 'USD'), (2, '0987654321', '0991122334', 'Colombia', 'proveedor2@correo.com', 'COP'); INSERT INTO producto (id_producto, stock, precio_unitario, unidad, clasificacio_id, iva, proveedor_id) VALUES (1, 100, 1.50, 'litros', 1, true, 1), (2, 200, 0.75, 'kilos', 2, false, 2); INSERT INTO persona (id, nombre, apellido, dni, celular, correo) VALUES (1, 'Carlos', 'Ramírez', '1101122334', '0987654321', 'carlos@correo.com'), (2, 'Ana', 'Torres', '1101223344', '0987332211', 'ana@correo.com'); INSERT INTO competencia (id, nombre, descripcion) VALUES (1, 'Gestión de ventas', 'Responsable de monitorear procesos de ventas'), (2, 'Atención al cliente', 'Encargado de atender requerimientos del cliente'); INSERT INTO rol (id, rol, estado, competencia_id) VALUES (1, 'Administrador', 'ACTIVO', 1), (2, 'Vendedor', 'ACTIVO', 2); INSERT INTO usuario (id, persona_id, username, password, nombre, rol_id) VALUES (1, 1, 'carlosr', '1234', 'Carlos R.', 1), (2, 2, 'anatorres', 'abcd', 'Ana T.', 2); INSERT INTO tipo_pago (id, tipo, descrip) VALUES (1, 'Efectivo', 'Pago en efectivo'), (2, 'Tarjeta', 'Pago con tarjeta de crédito'); INSERT INTO factura (id, ruc, persona_id, fecha, tipo_pago_id, descuento, total) VALUES (1, '1234567890', 1, '2025-06-25', 1, 0.50, 10.00), (2, '0987654321', 2, '2025-06-25', 2, 1.00, 20.00); INSERT INTO item_factura (id, factura_id, producto_id, cantidad, precio, subtotal) VALUES (1, 1, 1, 5, 1.50, 7.50), (2, 1, 2, 2, 0.75, 1.50), (3, 2, 2, 10, 0.75, 7.50);
INSERT INTO producto (id_producto, stock, precio_unitario, unidad, clasificacio_id, iva, proveedor_id) VALUES (3, 150, 2.25, 'litros', 1, true, 1), (4, 300, 1.10, 'kilos', 2, false, 2), (5, 80, 3.00, 'litros', 1, true, 1), (6, 400, 0.65, 'kilos', 2, false, 2); INSERT INTO factura (id, ruc, persona_id, fecha, tipo_pago_id, descuento, total) VALUES (3, '1234567890', 1, '2025-06-26', 2, 0.00, 15.00), (4, '0987654321', 2, '2025-06-26', 1, 2.00, 25.00), (5, '1234567890', 1, '2025-06-26', 1, 1.00, 30.00); INSERT INTO item_factura (id, factura_id, producto_id, cantidad, precio, subtotal) VALUES (4, 3, 3, 4, 2.25, 9.00), (5, 3, 4, 5, 1.10, 5.50), (6, 4, 5, 3, 3.00, 9.00), (7, 4, 6, 20, 0.65, 13.00), (8, 5, 3, 2, 2.25, 4.50), (9, 5, 4, 10, 1.10, 11.00), (10, 5, 6, 15, 0.65, 9.75);
