INSERT INTO clasificacion (id, grupo) VALUES (1, 'Lácteos'), (2, 'Granos'); INSERT INTO proveedores (id, ruc, telefono, pais, correo, moneda) VALUES (1, '1234567890', '0987654321', 'Ecuador', 'proveedor1@correo.com', 'USD'), (2, '0987654321', '0991122334', 'Colombia', 'proveedor2@correo.com', 'COP'); INSERT INTO producto (id_producto, stock, precio_unitario, unidad, clasificacio_id, iva, proveedor_id) VALUES (1, 100, 1.50, 'litros', 1, true, 1), (2, 200, 0.75, 'kilos', 2, false, 2); INSERT INTO persona (id, nombre, apellido, dni, celular, correo) VALUES (1, 'Carlos', 'Ramírez', '1101122334', '0987654321', 'carlos@correo.com'), (2, 'Ana', 'Torres', '1101223344', '0987332211', 'ana@correo.com'); INSERT INTO competencia (id, nombre, descripcion) VALUES (1, 'Gestión de ventas', 'Responsable de monitorear procesos de ventas'), (2, 'Atención al cliente', 'Encargado de atender requerimientos del cliente'); INSERT INTO rol (id, rol, estado, competencia_id) VALUES (1, 'Administrador', 'ACTIVO', 1), (2, 'Vendedor', 'ACTIVO', 2); INSERT INTO usuario (id, persona_id, username, password, nombre, rol_id) VALUES (1, 1, 'carlosr', '1234', 'Carlos R.', 1), (2, 2, 'anatorres', 'abcd', 'Ana T.', 2); INSERT INTO tipo_pago (id, tipo, descrip) VALUES (1, 'Efectivo', 'Pago en efectivo'), (2, 'Tarjeta', 'Pago con tarjeta de crédito'); INSERT INTO factura (id, ruc, persona_id, fecha, tipo_pago_id, descuento, total) VALUES (1, '1234567890', 1, '2025-06-25', 1, 0.50, 10.00), (2, '0987654321', 2, '2025-06-25', 2, 1.00, 20.00); INSERT INTO item_factura (id, factura_id, producto_id, cantidad, precio, subtotal) VALUES (1, 1, 1, 5, 1.50, 7.50), (2, 1, 2, 2, 0.75, 1.50), (3, 2, 2, 10, 0.75, 7.50);
